<?xml version="1.0" encoding="utf-8" standalone="no"?>
<toc version="2.0">
<tocitem target="functionlistbycat.html">Functions
<tocitem target="index.html">Autodesk Inventor
<tocitem target="simmechanics-cad-configuration.html">SimMechanics Link Configuration
<tocitem target="ref/smlink_linkinv.html">
<name>smlink_linkinv</name>
<purpose>Register and link SimMechanics Link software as Autodesk Inventor add-in</purpose>
</tocitem>
<tocitem target="ref/smlink_unlinkinv.html">
<name>smlink_unlinkinv</name>
<purpose>Unlink SimMechanics Link software as Autodesk Inventor add-in</purpose>
</tocitem>
</tocitem>
</tocitem>
<tocitem target="index.html">SolidWorks
<tocitem target="simmechanics-cad-configuration-2.html">SimMechanics Link Configuration
<tocitem target="ref/smlink_linksw.html">
<name>smlink_linksw</name>
<purpose>Register and link SimMechanics Link software as  SolidWorks add-in</purpose>
</tocitem>
<tocitem target="ref/smlink_unlinksw.html">
<name>smlink_unlinksw</name>
<purpose>Unlink SimMechanics Link software as  SolidWorks add-in</purpose>
</tocitem>
</tocitem>
</tocitem>
</tocitem>
</toc>
